{
  "shapes": [
    {
      "path": "carreOrange",
      "id" : "carre orange full colone1",
      "opacity" : "1",
      "position": "-870 -270",
      "scale": "1 1",
      "rotation": "0",
      "speed": "2 1"
    }, {
      "path": "carreOrange75", 
      "opacity" : "0.75",
      "id" : "carre orange 75 colone1",
      "opacity" : "0.75",
      "position": "-870 -270",
      "scale": "1 1",
      "rotation": "0",
      "speed": "2 1"
    }, {
      "path": "carreOrange50", 
      "opacity" : "0.5",
      "id" : "carre orange 50 colone1",
      "opacity" : "0.5",
      "position": "-870 -270",
      "scale": "1 1",
      "rotation": "0",
      "speed": "2 1"
    }, {
      "path": "carreOrange25", 
      "opacity" : "0.25",
      "id" : "carre orange 25 colone1",
      "opacity" : "0.25",
      "position": "-870 -270",
      "scale": "1 1",
      "rotation": "0",
      "speed": "2 1"
    }, {
      "path": "carreBleu",
      "opacity" : "1",
      "id" : "carre bleu full colone1",
      "opacity" : "1",
      "position": "-870 -120",
      "scale": "1 1",
      "rotation": "0",
      "speed": "2 1"
    }, {
      "path": "carreBleu75", 
      "opacity" : "0.75",
      "id" : "carre bleu 75 colone1",
      "opacity" : "0.75",
      "position": "-870 -120",
      "scale": "1 1",
      "rotation": "0",
      "speed": "2 1"
    }, {
      "path": "carreBleu50", 
      "opacity" : "0.5",
      "id" : "carre bleu 50 colone1",
      "position": "-870 -120",
      "scale": "1 1",
      "rotation": "0",
      "speed": "2 1"
    }, {
      "path": "carreBleu25", 
      "opacity" : "0.25",
      "id" : "carre bleu 25 colone1",
      "position": "-870 -120",
      "scale": "1 1",
      "rotation": "0",
      "speed": "2 1"
    }, {
      "path": "carreOrange", 
      "opacity" : "1",
      "id" : "carre orange full colone1",
      "position": "-870 255",
      "scale": "1 1",
      "rotation": "0",
      "speed": "2 1"
    }, {
      "path": "carreOrange75", 
      "opacity" : "0.75",
      "id" : "carre orange 75 colone1",
      "position": "-870 255",
      "scale": "1 1",
      "rotation": "0",
      "speed": "2 1"
    }, {
      "path": "carreOrange50", 
      "opacity" : "0.5",
      "id" : "carre orange 50 colone1",
      "position": "-870 255",
      "scale": "1 1",
      "rotation": "0",
      "speed": "2 1"
    }, {
      "path": "carreOrange25", 
      "opacity" : "0.25",
      "id" : "carre orange 25 colone1",
      "position": "-870 255",
      "scale": "1 1",
      "rotation": "0",
      "speed": "2 1"
    }, {
      "path": "carreBleu", 
      "opacity" : "1",
      "id" : "carre bleu full colone1",
      "position": "-870 405",
      "scale": "1 1",
      "rotation": "0",
      "speed": "2 1"
    }, {
      "path": "carreBleu75", 
      "opacity" : "0.75",
      "id" : "carre bleu 75 colone1",
      "position": "-870 405",
      "scale": "1 1",
      "rotation": "0",
      "speed": "2 1"
    }, {
      "path": "carreBleu50", 
      "opacity" : "0.5",
      "id" : "carre bleu 50 colone1",
      "position": "-870 405",
      "scale": "1 1",
      "rotation": "0",
      "speed": "2 1"
    }, {
      "path": "carreBleu25", 
      "opacity" : "0.25",
      "id" : "carre bleu 25 colone1",
      "position": "-870 405",
      "scale": "1 1",
      "rotation": "0",
      "speed": "2 1"
    }, {
      "path": "carreNoir", 
      "opacity" : "1",
      "id" : "carre noir full colone2",
      "position": "-795 -195",
      "scale": "1 1",
      "rotation": "0",
      "speed": "2 1"
    }, {
      "path": "carreNoir75", 
      "opacity" : "0.75",
      "id" : "carre noir 75 colone2",
      "position": "-795 -195",
      "scale": "1 1",
      "rotation": "0",
      "speed": "2 1"
    }, {
      "path": "carreNoir50", 
      "opacity" : "0.5",
      "id" : "carre noir 50 colone2",
      "position": "-795 -195",
      "scale": "1 1",
      "rotation": "0",
      "speed": "2 1"
    }, {
      "path": "carreNoir25", 
      "opacity" : "0.25",
      "id" : "carre noir 25 colone2",
      "position": "-795 -195",
      "scale": "1 1",
      "rotation": "0",
      "speed": "2 1"
    },
    {
      "path": "carreGris", 
      "opacity" : "1",
      "id" : "carre gris full colone2",
      "position": "-795 -45",
      "scale": "1 1",
      "rotation": "0",
      "speed": "2 1"
    }, {
      "path": "carreGris75", 
      "opacity" : "0.75",
      "id" : "carre gris 75 colone2",
      "position": "-795 -45",
      "scale": "1 1",
      "rotation": "0",
      "speed": "2 1"
    }, {
      "path": "carreGris50", 
      "opacity" : "0.5",
      "id" : "carre gris 50 colone2",
      "position": "-795 -45",
      "scale": "1 1",
      "rotation": "0",
      "speed": "2 1"
    }, {
      "path": "carreGris25", 
      "opacity" : "0.25",
      "id" : "carre gris 25 colone2",
      "position": "-795 -45",
      "scale": "1 1",
      "rotation": "0",
      "speed": "2 1"
    },
    {
      "path": "carreNoir", 
      "opacity" : "1",
      "id" : "carre noir full colone2",
      "position": "-795 330",
      "scale": "1 1",
      "rotation": "0",
      "speed": "2 1"
    }, {
      "path": "carreNoir75", 
      "opacity" : "0.75",
      "id" : "carre noir 75 colone2",
      "position": "-795 330",
      "scale": "1 1",
      "rotation": "0",
      "speed": "2 1"
    }, {
      "path": "carreNoir50", 
      "opacity" : "0.5",
      "id" : "carre noir 50 colone2",
      "position": "-795 330",
      "scale": "1 1",
      "rotation": "0",
      "speed": "2 1"
    }, {
      "path": "carreNoir25", 
      "opacity" : "0.25",
      "id" : "carre noir 25 colone2",
      "position": "-795 330",
      "scale": "1 1",
      "rotation": "0",
      "speed": "2 1"
    },
    {
      "path": "carreGris", 
      "opacity" : "1",
      "id" : "carre gris full colone2",
      "position": "-795 480",
      "scale": "1 1",
      "rotation": "0",
      "speed": "2 1"
    }, {
      "path": "carreGris75", 
      "opacity" : "0.75",
      "id" : "carre gris 75 colone2",
      "position": "-795 480",
      "scale": "1 1",
      "rotation": "0",
      "speed": "2 1"
    }, {
      "path": "carreGris50", 
      "opacity" : "0.5",
      "id" : "carre gris 50 colone2",
      "position": "-795 480",
      "scale": "1 1",
      "rotation": "0",
      "speed": "2 1"
    }, {
      "path": "carreGris25", 
      "opacity" : "0.25",
      "id" : "carre gris 25 colone2",
      "position": "-795 480",
      "scale": "1 1",
      "rotation": "0",
      "speed": "2 1"
    },
    {
      "path": "carreBleu", 
      "opacity" : "1",
      "id" : "carre bleu full colone3",
      "position": "-720 -270",
      "scale": "1 1",
      "rotation": "0",
      "speed": "2 1"
    }, {
      "path": "carreBleu75", 
      "opacity" : "0.75",
      "id" : "carre bleu 75 colone3",
      "position": "-720 -270",
      "scale": "1 1",
      "rotation": "0",
      "speed": "2 1"
    }, {
      "path": "carreBleu50", 
      "opacity" : "0.5",
      "id" : "carre bleu 50 colone3",
      "position": "-720 -270",
      "scale": "1 1",
      "rotation": "0",
      "speed": "2 1"
    }, {
      "path": "carreBleu25", 
      "opacity" : "0.25",
      "id" : "carre bleu 25 colone3",
      "position": "-720 -270",
      "scale": "1 1",
      "rotation": "0",
      "speed": "2 1"
    },
      {
      "path": "carreOrange", 
      "opacity" : "1",
      "id" : "carre orange full colone3",
      "position": "-720 -120",
      "scale": "1 1",
      "rotation": "0",
      "speed": "2 1"
    }, {
      "path": "carreOrange75", 
      "opacity" : "0.75",
      "id" : "carre orange 75 colone3",
      "position": "-720 -120",
      "scale": "1 1",
      "rotation": "0",
      "speed": "2 1"
    }, {
      "path": "carreOrange50", 
      "opacity" : "0.5",
      "id" : "carre orange 50 colone3",
      "position": "-720 -120",
      "scale": "1 1",
      "rotation": "0",
      "speed": "2 1"
    }, {
      "path": "carreOrange25", 
      "opacity" : "0.25",
      "id" : "carre orange 25 colone3",
      "position": "-720 -120",
      "scale": "1 1",
      "rotation": "0",
      "speed": "2 1"
    },
     {
      "path": "carreBleu", 
      "opacity" : "1",
      "id" : "carre bleu full colone3",
      "position": "-720 255",
      "scale": "1 1",
      "rotation": "0",
      "speed": "2 1"
    }, {
      "path": "carreBleu75", 
      "opacity" : "0.75",
      "id" : "carre bleu 75 colone3",
      "position": "-720 255",
      "scale": "1 1",
      "rotation": "0",
      "speed": "2 1"
    }, {
      "path": "carreBleu50", 
      "opacity" : "0.5",
      "id" : "carre bleu 50 colone3",
      "position": "-720 255",
      "scale": "1 1",
      "rotation": "0",
      "speed": "2 1"
    }, {
      "path": "carreBleu25", 
      "opacity" : "0.25",
      "id" : "carre bleu 25 colone3",
      "position": "-720 255",
      "scale": "1 1",
      "rotation": "0",
      "speed": "2 1"
    },
    {
      "path": "carreOrange", 
      "opacity" : "1",
      "id" : "carre orange full colone3",
      "position": "-720 405",
      "scale": "1 1",
      "rotation": "0",
      "speed": "2 1"
    }, {
      "path": "carreOrange75", 
      "opacity" : "0.75",
      "id" : "carre orange 75 colone3",
      "position": "-720 405",
      "scale": "1 1",
      "rotation": "0",
      "speed": "2 1"
    }, {
      "path": "carreOrange50", 
      "opacity" : "0.5",
      "id" : "carre orange 50  colone3",
      "position": "-720 405",
      "scale": "1 1",
      "rotation": "0",
      "speed": "2 1"
    }, {
      "path": "carreOrange25", 
      "opacity" : "0.25",
      "id" : "carre orange 25  colone3",
      "position": "-720 405",
      "scale": "1 1",
      "rotation": "0",
      "speed": "2 1"
    },
    {
      "path": "carreOrange", 
      "opacity" : "1",
      "id" : "carre orange full colone4",
      "position": "-645 -495",
      "scale": "1 1",
      "rotation": "0",
      "speed": "2 1"
    }, {
      "path": "carreOrange75", 
      "opacity" : "0.75",
      "id" : "carre orange 75 colone4",
      "position": "-645 -495",
      "scale": "1 1",
      "rotation": "0",
      "speed": "2 1"
    }, {
      "path": "carreOrange50", 
      "opacity" : "0.5",
      "id" : "carre orange 50 colone4",
      "position": "-645 -495",
      "scale": "1 1",
      "rotation": "0",
      "speed": "2 1"
    }, {
      "path": "carreOrange25", 
      "opacity" : "0.25",
      "id" : "carre orange 25 colone4",
      "position": "-645 -495",
      "scale": "1 1",
      "rotation": "0",
      "speed": "2 1"
    },
    {
      "path": "carreNoir", 
      "opacity" : "1",
      "id" : "carre noir full colone4",
      "position": "-645 -345",
      "scale": "1 1",
      "rotation": "0",
      "speed": "2 1"
    }, {
      "path": "carreNoir75", 
      "opacity" : "0.75",
      "id" : "carre noir 75 colone4",
      "position": "-645 -345",
      "scale": "1 1",
      "rotation": "0",
      "speed": "2 1"
    }, {
      "path": "carreNoir50", 
      "opacity" : "0.5",
      "id" : "carre noir 50 colone4",
      "position": "-645 -345",
      "scale": "1 1",
      "rotation": "0",
      "speed": "2 1"
    }, {
      "path": "carreNoir25", 
      "opacity" : "0.25",
      "id" : "carre noir 25 colone4",
      "position": "-645 -345",
      "scale": "1 1",
      "rotation": "0",
      "speed": "2 1"
    },
    {
      "path": "carreOrange", 
      "opacity" : "1",
      "id" : "carre orange full colone4",
      "position": "-645 30",
      "scale": "1 1",
      "rotation": "0",
      "speed": "2 1"
    }, {
      "path": "carreOrange75", 
      "opacity" : "0.75",
      "id" : "carre orange 75 colone4",
      "position": "-645 30",
      "scale": "1 1",
      "rotation": "0",
      "speed": "2 1"
    }, {
      "path": "carreOrange50", 
      "opacity" : "0.5",
      "id" : "carre orange 50 colone4",
      "position": "-645 30",
      "scale": "1 1",
      "rotation": "0",
      "speed": "2 1"
    }, {
      "path": "carreOrange25", 
      "opacity" : "0.25",
      "id" : "carre orange 25 colone4",
      "position": "-645 30",
      "scale": "1 1",
      "rotation": "0",
      "speed": "2 1"
    },
    {
      "path": "carreNoir", 
      "opacity" : "1",
      "id" : "carre noir full colone4",
      "position": "-645 180",
      "scale": "1 1",
      "rotation": "0",
      "speed": "2 1"
    }, {
      "path": "carreNoir75", 
      "opacity" : "0.75",
      "id" : "carre noir 75 colone4",
      "position": "-645 180",
      "scale": "1 1",
      "rotation": "0",
      "speed": "2 1"
    }, {
      "path": "carreNoir50", 
      "opacity" : "0.5",
      "id" : "carre noir 50 colone4",
      "position": "-645 180",
      "scale": "1 1",
      "rotation": "0",
      "speed": "2 1"
    }, {
      "path": "carreNoir25", 
      "opacity" : "0.25",
      "id" : "carre noir 25 colone4",
      "position": "-645 180",
      "scale": "1 1",
      "rotation": "0",
      "speed": "2 1"
    },
    {
      "path": "carreGris", 
      "opacity" : "1",
      "id" : "carre gris full colone5",
      "position": "-570 -420",
      "scale": "1 1",
      "rotation": "0",
      "speed": "2 1"
    }, {
      "path": "carreGris75", 
      "opacity" : "0.75",
      "id" : "carre gris 75 colone5 colone5",
      "position": "-570 -420",
      "scale": "1 1",
      "rotation": "0",
      "speed": "2 1"
    }, {
      "path": "carreGris50", 
      "opacity" : "0.5",
      "id" : "carre gris 50 colone5",
      "position": "-570 -420",
      "scale": "1 1",
      "rotation": "0",
      "speed": "2 1"
    }, {
      "path": "carreGris25", 
      "opacity" : "0.25",
      "id" : "carre gris 25 colone5",
      "position": "-570 -420",
      "scale": "1 1",
      "rotation": "0",
      "speed": "2 1"
    },

    {
      "path": "carreGris", 
      "opacity" : "1",
      "id" : "carre gris full colone5",
      "position": "-570 105",
      "scale": "1 1",
      "rotation": "0",
      "speed": "2 1"
    }, {
      "path": "carreGris75", 
      "opacity" : "0.75",
      "id" : "carre gris 75 colone5",
      "position": "-570 105",
      "scale": "1 1",
      "rotation": "0",
      "speed": "2 1"
    }, {
      "path": "carreGris50", 
      "opacity" : "0.5",
      "id" : "carre gris 50 colone5",
      "position": "-570 105",
      "scale": "1 1",
      "rotation": "0",
      "speed": "2 1"
    }, {
      "path": "carreGris25", 
      "opacity" : "0.25",
      "id" : "carre gris 25 colone5",
      "position": "-570 105",
      "scale": "1 1",
      "rotation": "0",
      "speed": "2 1"
    },
    {
      "path": "carreOrange", 
      "opacity" : "1",
      "id" : "carre orange full colone6",
      "position": "-495 -345",
      "scale": "1 1",
      "rotation": "0",
      "speed": "2 1"
    }, {
      "path": "carreOrange75", 
      "opacity" : "0.75",
      "id" : "carre orange 75 colone6",
      "position": "-495 -345",
      "scale": "1 1",
      "rotation": "0",
      "speed": "2 1"
    }, {
      "path": "carreOrange50", 
      "opacity" : "0.5",
      "id" : "carre orange 50 colone6",
      "position": "-495 -345",
      "scale": "1 1",
      "rotation": "0",
      "speed": "2 1"
    }, {
      "path": "carreOrange25", 
      "opacity" : "0.25",
      "id" : "carre orange 25 colone6",
      "position": "-495 -345",
      "scale": "1 1",
      "rotation": "0",
      "speed": "2 1"
    },
     {
      "path": "carreGris", 
      "opacity" : "1",
      "id" : "carre gris full colone6",
      "position": "-495 -195",
      "scale": "1 1",
      "rotation": "0",
      "speed": "2 1"
    }, {
      "path": "carreGris75", 
      "opacity" : "0.75",
      "id" : "carre gris 75 colone6",
      "position": "-495 -195",
      "scale": "1 1",
      "rotation": "0",
      "speed": "2 1"
    }, {
      "path": "carreGris50", 
      "opacity" : "0.5",
      "id" : "carre gris 50 colone6",
      "position": "-495 -195",
      "scale": "1 1",
      "rotation": "0",
      "speed": "2 1"
    }, {
      "path": "carreGris25", 
      "opacity" : "0.25",
      "id" : "carre gris 25 colone6",
      "position": "-495 -195",
      "scale": "1 1",
      "rotation": "0",
      "speed": "2 1"
    },
    {
      "path": "carreBleu", 
      "opacity" : "1",
      "id" : "carre bleu full colone6",
      "position": "-495 -45",
      "scale": "1 1",
      "rotation": "0",
      "speed": "2 1"
    }, {
      "path": "carreBleu75", 
      "opacity" : "0.75",
      "id" : "carre bleu 75 colone6",
      "position": "-495 -45",
      "scale": "1 1",
      "rotation": "0",
      "speed": "2 1"
    }, {
      "path": "carreBleu50", 
      "opacity" : "0.5",
      "id" : "carre bleu 50 colone6",
      "position": "-495 -45",
      "scale": "1 1",
      "rotation": "0",
      "speed": "2 1"
    }, {
      "path": "carreBleu25", 
      "opacity" : "0.25",
      "id" : "carre bleu 25 colone6",
      "position": "-495 -45",
      "scale": "1 1",
      "rotation": "0",
      "speed": "2 1"
    },
    {
      "path": "carreOrange", 
      "opacity" : "1",
      "id" : "carre orange full colone6",
      "position": "-495 180",
      "scale": "1 1",
      "rotation": "0",
      "speed": "2 1"
    }, {
      "path": "carreOrange75", 
      "opacity" : "0.75",
      "id" : "carre orange 75 colone6",
      "position": "-495 180",
      "scale": "1 1",
      "rotation": "0",
      "speed": "2 1"
    }, {
      "path": "carreOrange50", 
      "opacity" : "0.5",
      "id" : "carre orange 50 colone6",
      "position": "-495 180",
      "scale": "1 1",
      "rotation": "0",
      "speed": "2 1"
    }, {
      "path": "carreOrange25",
      "opacity" : "0.25",
      "id" : "carre orange 25 colone6",
      "position": "-495 180",
      "scale": "1 1",
      "rotation": "0",
      "speed": "2 1"
    },
     {
      "path": "carreGris", 
      "opacity" : "1",
      "id" : "carre gris full colone6",
      "position": "-495 330",
      "scale": "1 1",
      "rotation": "0",
      "speed": "2 1"
    }, {
      "path": "carreGris75", 
      "opacity" : "0.75",
      "id" : "carre gris 75 colone6",
      "position": "-495 330",
      "scale": "1 1",
      "rotation": "0",
      "speed": "2 1"
    }, {
      "path": "carreGris50", 
      "opacity" : "0.5",
      "id" : "carre gris 50 colone6",
      "position": "-495 330",
      "scale": "1 1",
      "rotation": "0",
      "speed": "2 1"
    }, {
      "path": "carreGris25", 
      "opacity" : "0.25",
      "id" : "carre gris 25 colone6",
      "position": "-495 330",
      "scale": "1 1",
      "rotation": "0",
      "speed": "2 1"
    }, 
    {
      "path": "carreBleu", 
      "opacity" : "1",
      "id" : "carre bleu full colone6",
      "position": "-495 480",
      "scale": "1 1",
      "rotation": "0",
      "speed": "2 1"
    }, {
      "path": "carreBleu75", 
      "opacity" : "0.75",
      "id" : "carre bleu 75 colone6",
      "position": "-495 480",
      "scale": "1 1",
      "rotation": "0",
      "speed": "2 1"
    }, {
      "path": "carreBleu50", 
      "opacity" : "0.5",
      "id" : "carre bleu 50 colone6",
      "position": "-495 480",
      "scale": "1 1",
      "rotation": "0",
      "speed": "2 1"
    }, {
      "path": "carreBleu25", 
      "opacity" : "0.25",
      "id" : "carre bleu 25 colone6",
      "position": "-495 480",
      "scale": "1 1",
      "rotation": "0",
      "speed": "2 1"
    },
    {
      "path": "carreNoir", 
      "opacity" : "1",
      "id" : "carre noir full colone7",
      "position": "-420 -270",
      "scale": "1 1",
      "rotation": "0",
      "speed": "2 1"
    }, {
      "path": "carreNoir75", 
      "opacity" : "0.75",
      "id" : "carre noir 75 colone7",
      "position": "-420 -270",
      "scale": "1 1",
      "rotation": "0",
      "speed": "2 1"
    }, {
      "path": "carreNoir50", 
      "opacity" : "0.5",
      "id" : "carre noir 50 colone7",
      "position": "-420 -270",
      "scale": "1 1",
      "rotation": "0",
      "speed": "2 1"
    }, {
      "path": "carreNoir25", 
      "opacity" : "0.25",
      "id" : "carre noir 25 colone7",
      "position": "-420 -270",
      "scale": "1 1",
      "rotation": "0",
      "speed": "2 1"
    },
    {
      "path": "carreNoir", 
      "opacity" : "1",
      "id" : "carre noir full colone7",
      "position": "-420 -120",
      "scale": "1 1",
      "rotation": "0",
      "speed": "2 1"
    }, {
      "path": "carreNoir75", 
      "opacity" : "0.75",
      "id" : "carre noir 75 colone7",
      "position": "-420 -120",
      "scale": "1 1",
      "rotation": "0",
      "speed": "2 1"
    }, {
      "path": "carreNoir50", 
      "opacity" : "0.5",
      "id" : "carre noir 50 colone7",
      "position": "-420 -120",
      "scale": "1 1",
      "rotation": "0",
      "speed": "2 1"
    }, {
      "path": "carreNoir25", 
      "opacity" : "0.25",
      "id" : "carre noir 25 colone7",
      "position": "-420 -120",
      "scale": "1 1",
      "rotation": "0",
      "speed": "2 1"
    },
    {
      "path": "carreNoir", 
      "opacity" : "1",
      "id" : "carre noir full colone7",
      "position": "-420 255",
      "scale": "1 1",
      "rotation": "0",
      "speed": "2 1"
    }, {
      "path": "carreNoir75", 
      "opacity" : "0.75",
      "id" : "carre noir 75 colone7",
      "position": "-420 255",
      "scale": "1 1",
      "rotation": "0",
      "speed": "2 1"
    }, {
      "path": "carreNoir50", 
      "opacity" : "0.5",
      "id" : "carre noir 50 colone7",
      "position": "-420 255",
      "scale": "1 1",
      "rotation": "0",
      "speed": "2 1"
    }, {
      "path": "carreNoir25", 
      "opacity" : "0.25",
      "id" : "carre noir 25 colone7",
      "position": "-420 255",
      "scale": "1 1",
      "rotation": "0",
      "speed": "2 1"
    },
    {
      "path": "carreNoir", 
      "opacity" : "1",
      "id" : "carre noir full colone7",
      "position": "-420 405",
      "scale": "1 1",
      "rotation": "0",
      "speed": "2 1"
    }, {
      "path": "carreNoir75", 
      "opacity" : "0.75",
      "id" : "carre noir 75 colone7",
      "position": "-420 405",
      "scale": "1 1",
      "rotation": "0",
      "speed": "2 1"
    }, {
      "path": "carreNoir50", 
      "opacity" : "0.5",
      "id" : "carre noir 50 colone7",
      "position": "-420 405",
      "scale": "1 1",
      "rotation": "0",
      "speed": "2 1"
    }, {
      "path": "carreNoir25", 
      "opacity" : "0.25",
      "id" : "carre noir 25 colone7",
      "position": "-420 405",
      "scale": "1 1",
      "rotation": "0",
      "speed": "2 1"
    }, 
    {
      "path": "carreGris", 
      "opacity" : "1",
      "id" : "carre gris full colone8",
      "position": "-345 -195",
      "scale": "1 1",
      "rotation": "0",
      "speed": "2 1"
    }, {
      "path": "carreGris75", 
      "opacity" : "0.75",
      "id" : "carre gris 75 colone8",
      "position": "-345 -195",
      "scale": "1 1",
      "rotation": "0",
      "speed": "2 1"
    }, {
      "path": "carreGris50", 
      "opacity" : "0.5",
      "id" : "carre gris 50 colone8",
      "position": "-345 -195",
      "scale": "1 1",
      "rotation": "0",
      "speed": "2 1"
    }, {
      "path": "carreGris25", 
      "opacity" : "0.25",
      "id" : "carre gris 25 colone8",
      "position": "-345 -195",
      "scale": "1 1",
      "rotation": "0",
      "speed": "2 1"
    },
    {
      "path": "carreOrange", 
      "opacity" : "1",
      "id" : "carre orange full colone8",
      "position": "-345 -45",
      "scale": "1 1",
      "rotation": "0",
      "speed": "2 1"
    }, {
      "path": "carreOrange75", 
      "opacity" : "0.75",
      "id" : "carre orange 75 colone8",
      "position": "-345 -45",
      "scale": "1 1",
      "rotation": "0",
      "speed": "2 1"
    }, {
      "path": "carreOrange50", 
      "opacity" : "0.5",
      "id" : "carre orange 50 colone8",
      "position": "-345 -45",
      "scale": "1 1",
      "rotation": "0",
      "speed": "2 1"
    }, {
      "path": "carreOrange25", 
      "opacity" : "0.25",
      "id" : "carre orange 25 colone8",
      "position": "-345 -45",
      "scale": "1 1",
      "rotation": "0",
      "speed": "2 1"
    },
    {
      "path": "carreGris", 
      "opacity" : "1",
      "id" : "carre gris full colone8",
      "position": "-345 330",
      "scale": "1 1",
      "rotation": "0",
      "speed": "2 1"
    }, {
      "path": "carreGris75", 
      "opacity" : "0.75",
      "id" : "carre gris 75 colone8",
      "position": "-345 330",
      "scale": "1 1",
      "rotation": "0",
      "speed": "2 1"
    }, {
      "path": "carreGris50", 
      "opacity" : "0.5",
      "id" : "carre gris 50 colone8",
      "position": "-345 330",
      "scale": "1 1",
      "rotation": "0",
      "speed": "2 1"
    }, {
      "path": "carreGris25", 
      "opacity" : "0.25",
      "id" : "carre gris 25 colone8",
      "position": "-345 330",
      "scale": "1 1",
      "rotation": "0",
      "speed": "2 1"
    },
    {
      "path": "carreOrange", 
      "opacity" : "1",
      "id" : "carre orange full colone8",
      "position": "-345 480",
      "scale": "1 1",
      "rotation": "0",
      "speed": "2 1"
    }, {
      "path": "carreOrange75", 
      "opacity" : "0.75",
      "id" : "carre orange 75 colone8",
      "position": "-345 480",
      "scale": "1 1",
      "rotation": "0",
      "speed": "2 1"
    }, {
      "path": "carreOrange50", 
      "opacity" : "0.5",
      "id" : "carre orange 50 colone8",
      "position": "-345 480",
      "scale": "1 1",
      "rotation": "0",
      "speed": "2 1"
    }, {
      "path": "carreOrange25", 
      "opacity" : "0.25",
      "id" : "carre orange 25 colone8",
      "position": "-345 480",
      "scale": "1 1",
      "rotation": "0",
      "speed": "2 1"
    },
    {
      "path": "carreOrange", 
      "opacity" : "1",
      "id" : "carre orange full colone9",
      "position": "-270 -270",
      "scale": "1 1",
      "rotation": "0",
      "speed": "2 1"
    }, {
      "path": "carreOrange75", 
      "opacity" : "0.75",
      "id" : "carre orange 75 colone9",
      "position": "-270 -270",
      "scale": "1 1",
      "rotation": "0",
      "speed": "2 1"
    }, {
      "path": "carreOrange50", 
      "opacity" : "0.5",
      "id" : "carre orange 50 colone9",
      "position": "-270 -270",
      "scale": "1 1",
      "rotation": "0",
      "speed": "2 1"
    }, {
      "path": "carreOrange25", 
      "opacity" : "0.25",
      "id" : "carre orange 25 colone9",
      "position": "-270 -270",
      "scale": "1 1",
      "rotation": "0",
      "speed": "2 1"
    },
    {
      "path": "carreBleu", 
      "opacity" : "1",
      "id" : "carre bleu full colone9",
      "position": "-270 -120",
      "scale": "1 1",
      "rotation": "0",
      "speed": "2 1"
    }, {
      "path": "carreBleu75", 
      "opacity" : "0.75",
      "id" : "carre bleu 75 colone9",
      "position": "-270 -120",
      "scale": "1 1",
      "rotation": "0",
      "speed": "2 1"
    }, {
      "path": "carreBleu50", 
      "opacity" : "0.5",
      "id" : "carre bleu 50 colone9",
      "position": "-270 -120",
      "scale": "1 1",
      "rotation": "0",
      "speed": "2 1"
    }, {
      "path": "carreBleu25", 
      "opacity" : "0.25",
      "id" : "carre bleu 25 colone9",
      "position": "-270 -120",
      "scale": "1 1",
      "rotation": "0",
      "speed": "2 1"
    },
    {
      "path": "carreOrange", 
      "opacity" : "1",
      "id" : "carre orange full colone9",
      "position": "-270 255",
      "scale": "1 1",
      "rotation": "0",
      "speed": "2 1"
    }, {
      "path": "carreOrange75", 
      "opacity" : "0.75",
      "id" : "carre orange 75 colone9",
      "position": "-270 255",
      "scale": "1 1",
      "rotation": "0",
      "speed": "2 1"
    }, {
      "path": "carreOrange50", 
      "opacity" : "0.5",
      "id" : "carre orange 50 colone9",
      "position": "-270 255",
      "scale": "1 1",
      "rotation": "0",
      "speed": "2 1"
    }, {
      "path": "carreOrange25", 
      "opacity" : "0.25",
      "id" : "carre orange 25 colone9",
      "position": "-270 255",
      "scale": "1 1",
      "rotation": "0",
      "speed": "2 1"
    },
    {
      "path": "carreBleu", 
      "opacity" : "1",
      "id" : "carre bleu full colone9",
      "position": "-270 405",
      "scale": "1 1",
      "rotation": "0",
      "speed": "2 1"
    }, {
      "path": "carreBleu75", 
      "opacity" : "0.75",
      "id" : "carre bleu 75 colone9",
      "position": "-270 405",
      "scale": "1 1",
      "rotation": "0",
      "speed": "2 1"
    }, {
      "path": "carreBleu50", 
      "opacity" : "0.5",
      "id" : "carre bleu 50 colone9",
      "position": "-270 405",
      "scale": "1 1",
      "rotation": "0",
      "speed": "2 1"
    }, {
      "path": "carreBleu25", 
      "opacity" : "0.25",
      "id" : "carre bleu 25 colone9",
      "position": "-270 405",
      "scale": "1 1",
      "rotation": "0",
      "speed": "2 1"
    },
    {
      "path": "carreNoir", 
      "opacity" : "1",
      "id" : "carre noir full colone10",
      "position": "-195 -195",
      "scale": "1 1",
      "rotation": "0",
      "speed": "2 1"
    }, {
      "path": "carreNoir75", 
      "opacity" : "0.75",
      "id" : "carre noir 75 colone10",
      "position": "-195 -195",
      "scale": "1 1",
      "rotation": "0",
      "speed": "2 1"
    }, {
      "path": "carreNoir50", 
      "opacity" : "0.5",
      "id" : "carre noir 50 colone10",
      "position": "-195 -195",
      "scale": "1 1",
      "rotation": "0",
      "speed": "2 1"
    }, {
      "path": "carreNoir25", 
      "opacity" : "0.25",
      "id" : "carre noir 25 colone10",
      "position": "-195 -195",
      "scale": "1 1",
      "rotation": "0",
      "speed": "2 1"
    },
    {
      "path": "carreGris", 
      "opacity" : "1",
      "id" : "carre gris full colone10",
      "position": "-195 -45",
      "scale": "1 1",
      "rotation": "0",
      "speed": "2 1"
    }, {
      "path": "carreGris75", 
      "opacity" : "0.75",
      "id" : "carre gris 75 colone10",
      "position": "-195 -45",
      "scale": "1 1",
      "rotation": "0",
      "speed": "2 1"
    }, {
      "path": "carreGris50", 
      "opacity" : "0.5",
      "id" : "carre gris 50 colone10",
      "position": "-195 -45",
      "scale": "1 1",
      "rotation": "0",
      "speed": "2 1"
    }, {
      "path": "carreGris25", 
      "opacity" : "0.25",
      "id" : "carre gris 25 colone10",
      "position": "-195 -45",
      "scale": "1 1",
      "rotation": "0",
      "speed": "2 1"
    },
    {
      "path": "carreNoir", 
      "opacity" : "1",
      "id" : "carre noir full colone10",
      "position": "-195 330",
      "scale": "1 1",
      "rotation": "0",
      "speed": "2 1"
    }, {
      "path": "carreNoir75", 
      "opacity" : "0.75",
      "id" : "carre noir 75 colone10",
      "position": "-195 330",
      "scale": "1 1",
      "rotation": "0",
      "speed": "2 1"
    }, {
      "path": "carreNoir50", 
      "opacity" : "0.5",
      "id" : "carre noir 50 colone10",
      "position": "-195 330",
      "scale": "1 1",
      "rotation": "0",
      "speed": "2 1"
    }, {
      "path": "carreNoir25", 
      "opacity" : "0.25",
      "id" : "carre noir 25 colone10",
      "position": "-195 330",
      "scale": "1 1",
      "rotation": "0",
      "speed": "2 1"
    },
    {
      "path": "carreGris", 
      "opacity" : "1",
      "id" : "carre gris full colone10",
      "position": "-195 480",
      "scale": "1 1",
      "rotation": "0",
      "speed": "2 1"
    }, {
      "path": "carreGris75", 
      "opacity" : "0.75",
      "id" : "carre gris 75 colone10",
      "position": "-195 480",
      "scale": "1 1",
      "rotation": "0",
      "speed": "2 1"
    }, {
      "path": "carreGris50", 
      "opacity" : "0.5",
      "id" : "carre gris 50 colone10",
      "position": "-195 480",
      "scale": "1 1",
      "rotation": "0",
      "speed": "2 1"
    }, {
      "path": "carreGris25", 
      "opacity" : "0.25",
      "id" : "carre gris 25 colone10",
      "position": "-195 480",
      "scale": "1 1",
      "rotation": "0",
      "speed": "2 1"
    },
    {
      "path": "carreBleu", 
      "opacity" : "1",
      "id" : "carre bleu full colone11",
      "position": "-120 -270",
      "scale": "1 1",
      "rotation": "0",
      "speed": "2 1"
    }, {
      "path": "carreBleu75", 
      "opacity" : "0.75",
      "id" : "carre bleu 75 colone11",
      "position": "-120 -270",
      "scale": "1 1",
      "rotation": "0",
      "speed": "2 1"
    }, {
      "path": "carreBleu50", 
      "opacity" : "0.5",
      "id" : "carre bleu 50 colone11",
      "position": "-120 -270",
      "scale": "1 1",
      "rotation": "0",
      "speed": "2 1"
    }, {
      "path": "carreBleu25", 
      "opacity" : "0.25",
      "id" : "carre bleu 25 colone11",
      "position": "-120 -270",
      "scale": "1 1",
      "rotation": "0",
      "speed": "2 1"
    },
    {
      "path": "carreOrange", 
      "opacity" : "1",
      "id" : "carre orange full colone11",
      "position": "-120 -120",
      "scale": "1 1",
      "rotation": "0",
      "speed": "2 1"
    }, {
      "path": "carreOrange75", 
      "opacity" : "0.75",
      "id" : "carre orange 75 colone11",
      "position": "-120 -120",
      "scale": "1 1",
      "rotation": "0",
      "speed": "2 1"
    }, {
      "path": "carreOrange50", 
      "opacity" : "0.5",
      "id" : "carre orange 50 colone11",
      "position": "-120 -120",
      "scale": "1 1",
      "rotation": "0",
      "speed": "2 1"
    }, {
      "path": "carreOrange25", 
      "opacity" : "0.25",
      "id" : "carre orange 25 colone11",
      "position": "-120 -120",
      "scale": "1 1",
      "rotation": "0",
      "speed": "2 1"
    },
     {
      "path": "carreBleu", 
      "opacity" : "1",
      "id" : "carre bleu full colone11",
      "position": "-120 255",
      "scale": "1 1",
      "rotation": "0",
      "speed": "2 1"
    }, {
      "path": "carreBleu75", 
      "opacity" : "0.75",
      "id" : "carre bleu 75 colone11",
      "position": "-120 255",
      "scale": "1 1",
      "rotation": "0",
      "speed": "2 1"
    }, {
      "path": "carreBleu50", 
      "opacity" : "0.5",
      "id" : "carre bleu 50 colone11",
      "position": "-120 255",
      "scale": "1 1",
      "rotation": "0",
      "speed": "2 1"
    }, {
      "path": "carreBleu25", 
      "opacity" : "0.25",
      "id" : "carre bleu 25 colone11",
      "position": "-120 255",
      "scale": "1 1",
      "rotation": "0",
      "speed": "2 1"
    },
    {
      "path": "carreOrange", 
      "opacity" : "1",
      "id" : "carre orange full colone11",
      "position": "-120 405",
      "scale": "1 1",
      "rotation": "0",
      "speed": "2 1"
    }, {
      "path": "carreOrange75", 
      "opacity" : "0.75",
      "id" : "carre orange 75 colone11",
      "position": "-120 405",
      "scale": "1 1",
      "rotation": "0",
      "speed": "2 1"
    }, {
      "path": "carreOrange50", 
      "opacity" : "0.5",
      "id" : "carre orange 50 colone11",
      "position": "-720 405",
      "scale": "1 1",
      "rotation": "0",
      "speed": "2 1"
    }, {
      "path": "carreOrange25", 
      "opacity" : "0.25",
      "id" : "carre orange 25 colone11",
      "position": "-120 405",
      "scale": "1 1",
      "rotation": "0",
      "speed": "2 1"
    },
    {
      "path": "carreOrange", 
      "opacity" : "1",
      "id" : "carre orange full colone12",
      "position": "-45 -495",
      "scale": "1 1",
      "rotation": "0",
      "speed": "2 1"
    }, {
      "path": "carreOrange75", 
      "opacity" : "0.75",
      "id" : "carre orange 75 colone12",
      "position": "-45 -495",
      "scale": "1 1",
      "rotation": "0",
      "speed": "2 1"
    }, {
      "path": "carreOrange50", 
      "opacity" : "0.5",
      "id" : "carre orange 50 colone12",
      "position": "-45 -495",
      "scale": "1 1",
      "rotation": "0",
      "speed": "2 1"
    }, {
      "path": "carreOrange25", 
      "opacity" : "0.25",
      "id" : "carre orange 25 colone12",
      "position": "-45 -495",
      "scale": "1 1",
      "rotation": "0",
      "speed": "2 1"
    },
    {
      "path": "carreNoir", 
      "opacity" : "1",
      "id" : "carre noir full colone12",
      "position": "-45 -345",
      "scale": "1 1",
      "rotation": "0",
      "speed": "2 1"
    }, {
      "path": "carreNoir75", 
      "opacity" : "0.75",
      "id" : "carre noir 75 colone12",
      "position": "-45 -345",
      "scale": "1 1",
      "rotation": "0",
      "speed": "2 1"
    }, {
      "path": "carreNoir50", 
      "opacity" : "0.5",
      "id" : "carre noir 50 colone12",
      "position": "-45 -345",
      "scale": "1 1",
      "rotation": "0",
      "speed": "2 1"
    }, {
      "path": "carreNoir25", 
      "opacity" : "0.25",
      "id" : "carre noir 25 colone12",
      "position": "-45 -345",
      "scale": "1 1",
      "rotation": "0",
      "speed": "2 1"
    },
    {
      "path": "carreOrange", 
      "opacity" : "1",
      "id" : "carre orange full colone12",
      "position": "-45 30",
      "scale": "1 1",
      "rotation": "0",
      "speed": "2 1"
    }, {
      "path": "carreOrange75", 
      "opacity" : "0.75",
      "id" : "carre orange 75 colone12",
      "position": "-45 30",
      "scale": "1 1",
      "rotation": "0",
      "speed": "2 1"
    }, {
      "path": "carreOrange50", 
      "opacity" : "0.5",
      "id" : "carre orange 50 colone12",
      "position": "-45 30",
      "scale": "1 1",
      "rotation": "0",
      "speed": "2 1"
    }, {
      "path": "carreOrange25", 
      "opacity" : "0.25",
      "id" : "carre orange 25 colone12",
      "position": "-45 30",
      "scale": "1 1",
      "rotation": "0",
      "speed": "2 1"
    },
    {
      "path": "carreNoir", 
      "opacity" : "1",
      "id" : "carre noir full colone12",
      "position": "-45 180",
      "scale": "1 1",
      "rotation": "0",
      "speed": "2 1"
    }, {
      "path": "carreNoir75", 

      "opacity" : "0.75",
      "id" : "carre noir 75 colone12",
      "position": "-45 180",
      "scale": "1 1",
      "rotation": "0",
      "speed": "2 1"
    }, {
      "path": "carreNoir50", 

      "opacity" : "0.5",
      "id" : "carre noir 50 colone12",
      "position": "-45 180",
      "scale": "1 1",
      "rotation": "0",
      "speed": "2 1"
    }, {
      "path": "carreNoir25", 

      "opacity" : "0.25",
      "id" : "carre noir 25 colone12",
      "position": "-45 180",
      "scale": "1 1",
      "rotation": "0",
      "speed": "2 1"
    },
    {
      "path": "carreGris", 

      "opacity" : "1",
      "id" : "carre gris full colone13",
      "position": "30 -420",
      "scale": "1 1",
      "rotation": "0",
      "speed": "2 1"
    }, {
      "path": "carreGris75", 
      "opacity" : "0.75",
      "id" : "carre gris 75 colone13",
      "position": "30 -420",
      "scale": "1 1",
      "rotation": "0",
      "speed": "2 1"
    }, {
      "path": "carreGris50", 
      "opacity" : "0.5",
      "id" : "carre gris 50 colone13",
      "position": "30 -420",
      "scale": "1 1",
      "rotation": "0",
      "speed": "2 1"
    }, {
      "path": "carreGris25", 
      "opacity" : "0.25",
      "id" : "carre gris 25 colone13",
      "position": "30 -420",
      "scale": "1 1",
      "rotation": "0",
      "speed": "2 1"
    },
    {
      "path": "carreGris", 
      "opacity" : "1",
      "id" : "carre gris full colone13",
      "position": "30 105",
      "scale": "1 1",
      "rotation": "0",
      "speed": "2 1"
    }, {
      "path": "carreGris75", 
      "opacity" : "0.75",
      "id" : "carre gris 75 colone13",
      "position": "30 105",
      "scale": "1 1",
      "rotation": "0",
      "speed": "2 1"
    }, {
      "path": "carreGris50", 
      "opacity" : "0.5",
      "id" : "carre gris 50 colone13",
      "position": "30 105",
      "scale": "1 1",
      "rotation": "0",
      "speed": "2 1"
    }, {
      "path": "carreGris25", 
      "opacity" : "0.25",
      "id" : "carre gris 25 colone13",
      "position": "30 105",
      "scale": "1 1",
      "rotation": "0",
      "speed": "2 1"
    },
    {
      "path": "carreOrange", 
      "opacity" : "1",
      "id" : "carre orange full colone14",
      "position": "105 -345",
      "scale": "1 1",
      "rotation": "0",
      "speed": "2 1"
    }, {
      "path": "carreOrange75", 
      "opacity" : "0.75",
      "id" : "carre orange 75 colone14",
      "position": "105 -345",
      "scale": "1 1",
      "rotation": "0",
      "speed": "2 1"
    }, {
      "path": "carreOrange50", 
      "opacity" : "0.5",
      "id" : "carre orange 50 colone14",
      "position": "105 -345",
      "scale": "1 1",
      "rotation": "0",
      "speed": "2 1"
    }, {
      "path": "carreOrange25", 
      "opacity" : "0.25",
      "id" : "carre orange 25 colone14",
      "position": "105 -345",
      "scale": "1 1",
      "rotation": "0",
      "speed": "2 1"
    },
    {
      "path": "carreGris", 
      "opacity" : "1",
      "id" : "carre gris full colone14",
      "position": "105 -195",
      "scale": "1 1",
      "rotation": "0",
      "speed": "2 1"
    }, {
      "path": "carreGris75", 
      "opacity" : "0.75",
      "id" : "carre gris 75 colone14",
      "position": "105 -195",
      "scale": "1 1",
      "rotation": "0",
      "speed": "2 1"
    }, {
      "path": "carreGris50", 
      "opacity" : "0.5",
      "id" : "carre gris 50 colone14",
      "position": "105 -195",
      "scale": "1 1",
      "rotation": "0",
      "speed": "2 1"
    }, {
      "path": "carreGris25", 
      "opacity" : "0.25",
      "id" : "carre gris 25 colone14",
      "position": "105 -195",
      "scale": "1 1",
      "rotation": "0",
      "speed": "2 1"
    },
    {
      "path": "carreBleu", 
      "opacity" : "1",
      "id" : "carre bleu full colone14",
      "position": "105 -45",
      "scale": "1 1",
      "rotation": "0",
      "speed": "2 1"
    }, {
      "path": "carreBleu75", 
      "opacity" : "0.75",
      "id" : "carre bleu 75 colone14",
      "position": "105 -45",
      "scale": "1 1",
      "rotation": "0",
      "speed": "2 1"
    }, {
      "path": "carreBleu50", 
      "opacity" : "0.5",
      "id" : "carre bleu 50 colone14",
      "position": "105 -45",
      "scale": "1 1",
      "rotation": "0",
      "speed": "2 1"
    }, {
      "path": "carreBleu25", 
      "opacity" : "0.25",
      "id" : "carre bleu 25 colone14",
      "position": "105 -45",
      "scale": "1 1",
      "rotation": "0",
      "speed": "2 1"
    },
    {
      "path": "carreOrange", 
      "opacity" : "1",
      "id" : "carre orange full colone14",
      "position": "105 180",
      "scale": "1 1",
      "rotation": "0",
      "speed": "2 1"
    }, {
      "path": "carreOrange75", 
      "opacity" : "0.75",
      "id" : "carre orange 75 colone14",
      "position": "105 180",
      "scale": "1 1",
      "rotation": "0",
      "speed": "2 1"
    }, {
      "path": "carreOrange50", 
      "opacity" : "0.5",
      "id" : "carre orange 50 colone14",
      "position": "105 180",
      "scale": "1 1",
      "rotation": "0",
      "speed": "2 1"
    }, {
      "path": "carreOrange25", 
      "opacity" : "0.25",
      "id" : "carre orange 25 colone14",
      "position": "105 180",
      "scale": "1 1",
      "rotation": "0",
      "speed": "2 1"
    },
     {
      "path": "carreGris", 
      "opacity" : "1",
      "id" : "carre gris full colone14",
      "position": "105 330",
      "scale": "1 1",
      "rotation": "0",
      "speed": "2 1"
    }, {
      "path": "carreGris75", 
      "opacity" : "0.75",
      "id" : "carre gris 75 colone14",
      "position": "105 330",
      "scale": "1 1",
      "rotation": "0",
      "speed": "2 1"
    }, {
      "path": "carreGris50", 
      "opacity" : "0.5",
      "id" : "carre gris 50 colone14",
      "position": "105 330",
      "scale": "1 1",
      "rotation": "0",
      "speed": "2 1"
    }, {
      "path": "carreGris25", 
      "opacity" : "0.25",
      "id" : "carre gris 25 colone14",
      "position": "105 330",
      "scale": "1 1",
      "rotation": "0",
      "speed": "2 1"
    }, 
    {
      "path": "carreBleu", 
      "opacity" : "1",
      "id" : "carre bleu full colone14",
      "position": "105 480",
      "scale": "1 1",
      "rotation": "0",
      "speed": "2 1"
    }, {
      "path": "carreBleu75", 
      "opacity" : "0.75",
      "id" : "carre bleu 75 colone14",
      "position": "105 480",
      "scale": "1 1",
      "rotation": "0",
      "speed": "2 1"
    }, {
      "path": "carreBleu50", 
      "opacity" : "0.5",
      "id" : "carre bleu 50 colone14",
      "position": "105 480",
      "scale": "1 1",
      "rotation": "0",
      "speed": "2 1"
    }, {
      "path": "carreBleu25", 
      "opacity" : "0.25",
      "id" : "carre bleu 25 colone14",
      "position": "105 480",
      "scale": "1 1",
      "rotation": "0",
      "speed": "2 1"
    },
    {
      "path": "carreNoir", 
      "opacity" : "1",
      "id" : "carre noir full colone15",
      "position": "180 -270",
      "scale": "1 1",
      "rotation": "0",
      "speed": "2 1"
    }, {
      "path": "carreNoir75", 
      "opacity" : "0.75",
      "id" : "carre noir 75 colone15",
      "position": "180 -270",
      "scale": "1 1",
      "rotation": "0",
      "speed": "2 1"
    }, {
      "path": "carreNoir50", 
      "opacity" : "0.5",
      "id" : "carre noir 50 colone15",
      "position": "180 -270",
      "scale": "1 1",
      "rotation": "0",
      "speed": "2 1"
    }, {
      "path": "carreNoir25", 
      "opacity" : "0.25",
      "id" : "carre noir 25 colone15",
      "position": "180 -270",
      "scale": "1 1",
      "rotation": "0",
      "speed": "2 1"
    },
    {
      "path": "carreNoir", 
      "opacity" : "1",
      "id" : "carre noir full colone15",
      "position": "180 -120",
      "scale": "1 1",
      "rotation": "0",
      "speed": "2 1"
    }, {
      "path": "carreNoir75", 
      "opacity" : "0.75",
      "id" : "carre noir 75 colone15",
      "position": "180 -120",
      "scale": "1 1",
      "rotation": "0",
      "speed": "2 1"
    }, {
      "path": "carreNoir50", 
      "opacity" : "0.5",
      "id" : "carre noir 50 colone15",
      "position": "180 -120",
      "scale": "1 1",
      "rotation": "0",
      "speed": "2 1"
    }, {
      "path": "carreNoir25", 
      "opacity" : "0.25",
      "id" : "carre noir 25 colone15",
      "position": "180 -120",
      "scale": "1 1",
      "rotation": "0",
      "speed": "2 1"
    },
    {
      "path": "carreNoir", 
      "opacity" : "1",
      "id" : "carre noir full colone15",
      "position": "180 255",
      "scale": "1 1",
      "rotation": "0",
      "speed": "2 1"
    }, {
      "path": "carreNoir75", 
      "opacity" : "0.75",
      "id" : "carre noir 75 colone15",
      "position": "180 255",
      "scale": "1 1",
      "rotation": "0",
      "speed": "2 1"
    }, {
      "path": "carreNoir50", 
      "opacity" : "0.5",
      "id" : "carre noir 50 colone15",
      "position": "180 255",
      "scale": "1 1",
      "rotation": "0",
      "speed": "2 1"
    }, {
      "path": "carreNoir25", 
      "opacity" : "0.25",
      "id" : "carre noir 25 colone15",
      "position": "180 255",
      "scale": "1 1",
      "rotation": "0",
      "speed": "2 1"
    },
    {
      "path": "carreNoir", 
      "opacity" : "1",
      "id" : "carre noir full colone15",
      "position": "180 405",
      "scale": "1 1",
      "rotation": "0",
      "speed": "2 1"
    }, {
      "path": "carreNoir75", 
      "opacity" : "0.75",
      "id" : "carre noir 75 colone15",
      "position": "180 405",
      "scale": "1 1",
      "rotation": "0",
      "speed": "2 1"
    }, {
      "path": "carreNoir50", 
      "opacity" : "0.5",
      "id" : "carre noir 50 colone15",
      "position": "180 405",
      "scale": "1 1",
      "rotation": "0",
      "speed": "2 1"
    }, {
      "path": "carreNoir25", 
      "opacity" : "0.25",
      "id" : "carre noir 25 colone15",
      "position": "180 405",
      "scale": "1 1",
      "rotation": "0",
      "speed": "2 1"
    }, 
    {
      "path": "carreGris", 
      "opacity" : "1",
      "id" : "carre gris full colone16",
      "position": "255 -195",
      "scale": "1 1",
      "rotation": "0",
      "speed": "2 1"
    }, {
      "path": "carreGris75", 
      "opacity" : "0.75",
      "id" : "carre gris 75 colone16",
      "position": "255 -195",
      "scale": "1 1",
      "rotation": "0",
      "speed": "2 1"
    }, {
      "path": "carreGris50", 
      "opacity" : "0.5",
      "id" : "carre gris 50 colone16",
      "position": "255 -195",
      "scale": "1 1",
      "rotation": "0",
      "speed": "2 1"
    }, {
      "path": "carreGris25", 
      "opacity" : "0.25",
      "id" : "carre gris 25 colone16",
      "position": "255 -195",
      "scale": "1 1",
      "rotation": "0",
      "speed": "2 1"
    },
    {
      "path": "carreOrange", 
      "opacity" : "1",
      "id" : "carre orange full colone16",
      "position": "255 -45",
      "scale": "1 1",
      "rotation": "0",
      "speed": "2 1"
    }, {
      "path": "carreOrange75", 
      "opacity" : "0.75",
      "id" : "carre orange 75 colone16",
      "position": "255 -45",
      "scale": "1 1",
      "rotation": "0",
      "speed": "2 1"
    }, {
      "path": "carreOrange50", 
      "opacity" : "0.5",
      "id" : "carre orange 50 colone16",
      "position": "255 -45",
      "scale": "1 1",
      "rotation": "0",
      "speed": "2 1"
    }, {
      "path": "carreOrange25", 
      "opacity" : "0.25",
      "id" : "carre orange 25 colone16",
      "position": "255 -45",
      "scale": "1 1",
      "rotation": "0",
      "speed": "2 1"
    },
    {
      "path": "carreGris", 
      "opacity" : "1",
      "id" : "carre gris full colone16",
      "position": "255 330",
      "scale": "1 1",
      "rotation": "0",
      "speed": "2 1"
    }, {
      "path": "carreGris75", 
      "opacity" : "0.75",
      "id" : "carre gris 75 colone16",
      "position": "255 330",
      "scale": "1 1",
      "rotation": "0",
      "speed": "2 1"
    }, {
      "path": "carreGris50", 
      "opacity" : "0.5",
      "id" : "carre gris 50 colone16",
      "position": "255 330",
      "scale": "1 1",
      "rotation": "0",
      "speed": "2 1"
    }, {
      "path": "carreGris25", 
      "opacity" : "0.25",
      "id" : "carre gris 25 colone16",
      "position": "255 330",
      "scale": "1 1",
      "rotation": "0",
      "speed": "2 1"
    },
    {
      "path": "carreOrange", 
      "opacity" : "1",
      "id" : "carre orange full colone16",
      "position": "255 480",
      "scale": "1 1",
      "rotation": "0",
      "speed": "2 1"
    }, {
      "path": "carreOrange75", 
      "opacity" : "0.75",
      "id" : "carre orange 75 colone16",
      "position": "255 480",
      "scale": "1 1",
      "rotation": "0",
      "speed": "2 1"
    }, {
      "path": "carreOrange50", 
      "opacity" : "0.5",
      "id" : "carre orange 50 colone16",
      "position": "255 480",
      "scale": "1 1",
      "rotation": "0",
      "speed": "2 1"
    }, {
      "path": "carreOrange25", 
      "opacity" : "0.25",
      "id" : "carre orange 25 colone16",
      "position": "255 480",
      "scale": "1 1",
      "rotation": "0",
      "speed": "2 1"
    },
    {
      "path": "carreOrange", 
      "opacity" : "1",
      "id" : "carre orange full colone17",
      "position": "330 -270",
      "scale": "1 1",
      "rotation": "0",
      "speed": "2 1"
    }, {
      "path": "carreOrange75", 
      "opacity" : "0.75",
      "id" : "carre orange 75 colone17",
      "position": "330 -270",
      "scale": "1 1",
      "rotation": "0",
      "speed": "2 1"
    }, {
      "path": "carreOrange50", 
      "opacity" : "0.5",
      "id" : "carre orange 50 colone17",
      "position": "330 -270",
      "scale": "1 1",
      "rotation": "0",
      "speed": "2 1"
    }, {
      "path": "carreOrange25", 
      "opacity" : "0.25",
      "id" : "carre orange 25 colone17",
      "position": "330 -270",
      "scale": "1 1",
      "rotation": "0",
      "speed": "2 1"
    },
    {
      "path": "carreBleu", 
      "opacity" : "1",
      "id" : "carre bleu full colone17",
      "position": "330 -120",
      "scale": "1 1",
      "rotation": "0",
      "speed": "2 1"
    }, {
      "path": "carreBleu75", 
      "opacity" : "0.75",
      "id" : "carre bleu 75 colone17",
      "position": "330 -120",
      "scale": "1 1",
      "rotation": "0",
      "speed": "2 1"
    }, {
      "path": "carreBleu50", 
      "opacity" : "0.5",
      "id" : "carre bleu 50 colone17",
      "position": "330 -120",
      "scale": "1 1",
      "rotation": "0",
      "speed": "2 1"
    }, {
      "path": "carreBleu25", 
      "opacity" : "0.25",
      "id" : "carre bleu 25 colone17",
      "position": "330 -120",
      "scale": "1 1",
      "rotation": "0",
      "speed": "2 1"
    },
    {
      "path": "carreOrange", 
      "opacity" : "1",
      "id" : "carre orange full colone17",
      "position": "330 255",
      "scale": "1 1",
      "rotation": "0",
      "speed": "2 1"
    }, {
      "path": "carreOrange75", 
      "opacity" : "0.75",
      "id" : "carre orange 75 colone17",
      "position": "330 255",
      "scale": "1 1",
      "rotation": "0",
      "speed": "2 1"
    }, {
      "path": "carreOrange50", 
      "opacity" : "0.5",
      "id" : "carre orange 50 colone17",
      "position": "330 255",
      "scale": "1 1",
      "rotation": "0",
      "speed": "2 1"
    }, {
      "path": "carreOrange25", 
      "opacity" : "0.25",
      "id" : "carre orange 25 colone17",
      "position": "330 255",
      "scale": "1 1",
      "rotation": "0",
      "speed": "2 1"
    },
    {
      "path": "carreBleu", 
      "opacity" : "1",
      "id" : "carre bleu full colone17",
      "position": "330 405",
      "scale": "1 1",
      "rotation": "0",
      "speed": "2 1"
    }, {
      "path": "carreBleu75", 
      "opacity" : "0.75",
      "id" : "carre bleu 75 colone17",
      "position": "330 405",
      "scale": "1 1",
      "rotation": "0",
      "speed": "2 1"
    }, {
      "path": "carreBleu50", 
      "opacity" : "0.5",
      "id" : "carre bleu 50 colone17",
      "position": "330 405",
      "scale": "1 1",
      "rotation": "0",
      "speed": "2 1"
    }, {
      "path": "carreBleu25", 
      "opacity" : "0.25",
      "id" : "carre bleu 25 colone17",
      "position": "330 405",
      "scale": "1 1",
      "rotation": "0",
      "speed": "2 1"
    },
    {
      "path": "carreNoir", 
      "opacity" : "1",
      "id" : "carre noir full colone18",
      "position": "405 -195",
      "scale": "1 1",
      "rotation": "0",
      "speed": "2 1"
    }, {
      "path": "carreNoir75", 
      "opacity" : "0.75",
      "id" : "carre noir 75 colone18",
      "position": "405 -195",
      "scale": "1 1",
      "rotation": "0",
      "speed": "2 1"
    }, {
      "path": "carreNoir50", 
      "opacity" : "0.5",
      "id" : "carre noir 50 colone18",
      "position": "405 -195",
      "scale": "1 1",
      "rotation": "0",
      "speed": "2 1"
    }, {
      "path": "carreNoir25", 
      "opacity" : "0.25",
      "id" : "carre noir 25 colone18",
      "position": "405 -195",
      "scale": "1 1",
      "rotation": "0",
      "speed": "2 1"
    },
    {
      "path": "carreGris", 
      "opacity" : "1",
      "id" : "carre gris full colone18",
      "position": "405 -45",
      "scale": "1 1",
      "rotation": "0",
      "speed": "2 1"
    }, {
      "path": "carreGris75", 
      "opacity" : "0.75",
      "id" : "carre gris 75 colone18",
      "position": "405 -45",
      "scale": "1 1",
      "rotation": "0",
      "speed": "2 1"
    }, {
      "path": "carreGris50", 
      "opacity" : "0.5",
      "id" : "carre gris 50 colone18",
      "position": "405 -45",
      "scale": "1 1",
      "rotation": "0",
      "speed": "2 1"
    }, {
      "path": "carreGris25", 
      "opacity" : "0.25",
      "id" : "carre gris 25 colone18",
      "position": "405 -45",
      "scale": "1 1",
      "rotation": "0",
      "speed": "2 1"
    },
    {
      "path": "carreNoir", 
      "opacity" : "1",
      "id" : "carre noir full colone18",
      "position": "405 330",
      "scale": "1 1",
      "rotation": "0",
      "speed": "2 1"
    }, {
      "path": "carreNoir75", 
      "opacity" : "0.75",
      "id" : "carre noir 75 colone18",
      "position": "405 330",
      "scale": "1 1",
      "rotation": "0",
      "speed": "2 1"
    }, {
      "path": "carreNoir50", 
      "opacity" : "0.5",
      "id" : "carre noir 50 colone18",
      "position": "405 330",
      "scale": "1 1",
      "rotation": "0",
      "speed": "2 1"
    }, {
      "path": "carreNoir25", 
      "opacity" : "0.25",
      "id" : "carre noir 25 colone18",
      "position": "405 330",
      "scale": "1 1",
      "rotation": "0",
      "speed": "2 1"
    },
    {
      "path": "carreGris", 
      "opacity" : "1",
      "id" : "carre gris full colone18",
      "position": "405 480",
      "scale": "1 1",
      "rotation": "0",
      "speed": "2 1"
    }, {
      "path": "carreGris75", 
      "opacity" : "0.75",
      "id" : "carre gris 75 colone18",
      "position": "405 480",
      "scale": "1 1",
      "rotation": "0",
      "speed": "2 1"
    }, {
      "path": "carreGris50", 
      "opacity" : "0.5",
      "id" : "carre gris 50 colone18",
      "position": "405 480",
      "scale": "1 1",
      "rotation": "0",
      "speed": "2 1"
    }, {
      "path": "carreGris25", 
      "opacity" : "0.25",
      "id" : "carre gris 25 colone18",
      "position": "405 480",
      "scale": "1 1",
      "rotation": "0",
      "speed": "2 1"
    },
    {
      "path": "carreBleu", 
      "opacity" : "1",
      "id" : "carre bleu full colone19",
      "position": "480 -270",
      "scale": "1 1",
      "rotation": "0",
      "speed": "2 1"
    }, {
      "path": "carreBleu75", 
      "opacity" : "0.75",
      "id" : "carre bleu 75 colone19",
      "position": "480 -270",
      "scale": "1 1",
      "rotation": "0",
      "speed": "2 1"
    }, {
      "path": "carreBleu50", 
      "opacity" : "0.5",
      "id" : "carre bleu 50 colone19",
      "position": "480 -270",
      "scale": "1 1",
      "rotation": "0",
      "speed": "2 1"
    }, {
      "path": "carreBleu25", 
      "opacity" : "0.25",
      "id" : "carre bleu 25 colone19",
      "position": "480 -270",
      "scale": "1 1",
      "rotation": "0",
      "speed": "2 1"
    },
    {
      "path": "carreOrange", 
      "opacity" : "1",
      "id" : "carre orange full colone19",
      "position": "480 -120",
      "scale": "1 1",
      "rotation": "0",
      "speed": "2 1"
    }, {
      "path": "carreOrange75", 
      "opacity" : "0.75",
      "id" : "carre orange 75 colone19",
      "position": "480 -120",
      "scale": "1 1",
      "rotation": "0",
      "speed": "2 1"
    }, {
      "path": "carreOrange50", 
      "opacity" : "0.5",
      "id" : "carre orange 50 colone19",
      "position": "480 -120",
      "scale": "1 1",
      "rotation": "0",
      "speed": "2 1"
    }, {
      "path": "carreOrange25", 
      "opacity" : "0.25",
      "id" : "carre orange 25 colone19",
      "position": "480 -120",
      "scale": "1 1",
      "rotation": "0",
      "speed": "2 1"
    },
    {
      "path": "carreBleu", 
      "opacity" : "1",
      "id" : "carre bleu full colone19",
      "position": "480 255",
      "scale": "1 1",
      "rotation": "0",
      "speed": "2 1"
    }, {
      "path": "carreBleu75", 
      "opacity" : "0.75",
      "id" : "carre bleu 75 colone19",
      "position": "480 255",
      "scale": "1 1",
      "rotation": "0",
      "speed": "2 1"
    }, {
      "path": "carreBleu50", 
      "opacity" : "0.5",
      "id" : "carre bleu 50 colone19",
      "position": "480 255",
      "scale": "1 1",
      "rotation": "0",
      "speed": "2 1"
    }, {
      "path": "carreBleu25", 
      "opacity" : "0.25",
      "id" : "carre bleu 25 colone19",
      "position": "480 255",
      "scale": "1 1",
      "rotation": "0",
      "speed": "2 1"
    },
    {
      "path": "carreOrange", 
      "opacity" : "1",
      "id" : "carre orange full colone19",
      "position": "480 405",
      "scale": "1 1",
      "rotation": "0",
      "speed": "2 1"
    }, {
      "path": "carreOrange75", 
      "opacity" : "0.75",
      "id" : "carre orange 75 colone19",
      "position": "480 405",
      "scale": "1 1",
      "rotation": "0",
      "speed": "2 1"
    }, {
      "path": "carreOrange50", 
      "opacity" : "0.5",
      "id" : "carre orange 50 colone19",
      "position": "480 405",
      "scale": "1 1",
      "rotation": "0",
      "speed": "2 1"
    }, {
      "path": "carreOrange25", 
      "opacity" : "0.25",
      "id" : "carre orange 25 colone19",
      "position": "480 405",
      "scale": "1 1",
      "rotation": "0",
      "speed": "2 1"
    },
    {
      "path": "carreOrange", 
      "opacity" : "1",
      "id" : "carre orange full colone20",
      "position": "555 -495",
      "scale": "1 1",
      "rotation": "0",
      "speed": "2 1"
    }, {
      "path": "carreOrange75", 
      "opacity" : "0.75",
      "id" : "carre orange 75 colone20",
      "position": "555 -495",
      "scale": "1 1",
      "rotation": "0",
      "speed": "2 1"
    }, {
      "path": "carreOrange50", 
      "opacity" : "0.5",
      "id" : "carre orange 50 colone20",
      "position": "555 -495",
      "scale": "1 1",
      "rotation": "0",
      "speed": "2 1"
    }, {
      "path": "carreOrange25", 
      "opacity" : "0.25",
      "id" : "carre orange 25 colone20",
      "position": "555 -495",
      "scale": "1 1",
      "rotation": "0",
      "speed": "2 1"
    },
    {
      "path": "carreNoir", 
      "opacity" : "1",
      "id" : "carre noir full colone20",
      "position": "555 -345",
      "scale": "1 1",
      "rotation": "0",
      "speed": "2 1"
    }, {
      "path": "carreNoir75", 
      "opacity" : "0.75",
      "id" : "carre noir 75 colone20",
      "position": "555 -345",
      "scale": "1 1",
      "rotation": "0",
      "speed": "2 1"
    }, {
      "path": "carreNoir50", 
      "opacity" : "0.5",
      "id" : "carre noir 50 colone20",
      "position": "555 -345",
      "scale": "1 1",
      "rotation": "0",
      "speed": "2 1"
    }, {
      "path": "carreNoir25", 
      "opacity" : "0.25",
      "id" : "carre noir 25 colone20",
      "position": "555 -345",
      "scale": "1 1",
      "rotation": "0",
      "speed": "2 1"
    },
    {
      "path": "carreOrange", 
      "opacity" : "1",
      "id" : "carre orange full colone20",
      "position": "555 30",
      "scale": "1 1",
      "rotation": "0",
      "speed": "2 1"
    }, {
      "path": "carreOrange75", 
      "opacity" : "0.75",
      "id" : "carre orange 75 colone20",
      "position": "555 30",
      "scale": "1 1",
      "rotation": "0",
      "speed": "2 1"
    }, {
      "path": "carreOrange50", 
      "opacity" : "0.5",
      "id" : "carre orange 50 colone20",
      "position": "555 30",
      "scale": "1 1",
      "rotation": "0",
      "speed": "2 1"
    }, {
      "path": "carreOrange25", 
      "opacity" : "0.25",
      "id" : "carre orange 25 colone20",
      "position": "555 30",
      "scale": "1 1",
      "rotation": "0",
      "speed": "2 1"
    },
    {
      "path": "carreNoir", 
      "opacity" : "1",
      "id" : "carre noir full colone20",
      "position": "555 180",
      "scale": "1 1",
      "rotation": "0",
      "speed": "2 1"
    }, {
      "path": "carreNoir75", 
      "opacity" : "0.75",
      "id" : "carre noir 75 colone20",
      "position": "555 180",
      "scale": "1 1",
      "rotation": "0",
      "speed": "2 1"
    }, {
      "path": "carreNoir50", 
      "opacity" : "0.5",
      "id" : "carre noir 50 colone20",
      "position": "555 180",
      "scale": "1 1",
      "rotation": "0",
      "speed": "2 1"
    }, {
      "path": "carreNoir25", 
      "opacity" : "0.25",
      "id" : "carre noir 25 colone20",
      "position": "555 180",
      "scale": "1 1",
      "rotation": "0",
      "speed": "2 1"
    },
    {
      "path": "carreGris", 
      "opacity" : "1",
      "id" : "carre gris full colone21",
      "position": "630 -420",
      "scale": "1 1",
      "rotation": "0",
      "speed": "2 1"
    }, {
      "path": "carreGris75", 
      "opacity" : "0.75",
      "id" : "carre gris 75 colone21",
      "position": "630 -420",
      "scale": "1 1",
      "rotation": "0",
      "speed": "2 1"
    }, {
      "path": "carreGris50", 
      "opacity" : "0.5",
      "id" : "carre gris 50 colone21",
      "position": "630 -420",
      "scale": "1 1",
      "rotation": "0",
      "speed": "2 1"
    }, {
      "path": "carreGris25", 
      "opacity" : "0.25",
      "id" : "carre gris 25 colone21",
      "position": "630 -420",
      "scale": "1 1",
      "rotation": "0",
      "speed": "2 1"
    },
    {
      "path": "carreGris", 
      "opacity" : "1",
      "id" : "carre gris full colone21",
      "position": "630 30",
      "scale": "1 1",
      "rotation": "0",
      "speed": "2 1"
    }, {
      "path": "carreGris75", 
      "opacity" : "0.75",
      "id" : "carre gris 75 colone21",
      "position": "630 30",
      "scale": "1 1",
      "rotation": "0",
      "speed": "2 1"
    }, {
      "path": "carreGris50", 
      "opacity" : "0.5",
      "id" : "carre gris 50 colone21",
      "position": "630 30",
      "scale": "1 1",
      "rotation": "0",
      "speed": "2 1"
    }, {
      "path": "carreGris25", 
      "opacity" : "0.25",
      "id" : "carre gris 25 colone21",
      "position": "630 30",
      "scale": "1 1",
      "rotation": "0",
      "speed": "2 1"
    },
    {
      "path": "carreOrange", 
      "opacity" : "1",
      "id" : "carre orange full colone22",
      "position": "705 -345",
      "scale": "1 1",
      "rotation": "0",
      "speed": "2 1"
    }, {
      "path": "carreOrange75", 
      "opacity" : "0.75",
      "id" : "carre orange 75 colone22",
      "position": "705 -345",
      "scale": "1 1",
      "rotation": "0",
      "speed": "2 1"
    }, {
      "path": "carreOrange50", 
      "opacity" : "0.5",
      "id" : "carre orange 50 colone22",
      "position": "705 -345",
      "scale": "1 1",
      "rotation": "0",
      "speed": "2 1"
    }, {
      "path": "carreOrange25", 
      "opacity" : "0.25",
      "id" : "carre orange 25 colone22",
      "position": "705 -345",
      "scale": "1 1",
      "rotation": "0",
      "speed": "2 1"
    },
    {
      "path": "carreGris", 
      "opacity" : "1",
      "id" : "carre gris full colone22",
      "position": "705 -195",
      "scale": "1 1",
      "rotation": "0",
      "speed": "2 1"
    }, {
      "path": "carreGris75", 
      "opacity" : "0.75",
      "id" : "carre gris 75 colone22",
      "position": "705 -195",
      "scale": "1 1",
      "rotation": "0",
      "speed": "2 1"
    }, {
      "path": "carreGris50", 
      "opacity" : "0.5",
      "id" : "carre gris 50 colone22",
      "position": "705 -195",
      "scale": "1 1",
      "rotation": "0",
      "speed": "2 1"
    }, {
      "path": "carreGris25", 
      "opacity" : "0.25",
      "id" : "carre gris 25 colone22",
      "position": "705 -195",
      "scale": "1 1",
      "rotation": "0",
      "speed": "2 1"
    },
      {
      "path": "carreBleu", 
      "opacity" : "1",
      "id" : "carre bleu full colone22",
      "position": "705 -45",
      "scale": "1 1",
      "rotation": "0",
      "speed": "2 1"
    }, {
      "path": "carreBleu75", 
      "opacity" : "0.75",
      "id" : "carre bleu 75 colone22",
      "position": "705 -45",
      "scale": "1 1",
      "rotation": "0",
      "speed": "2 1"
    }, {
      "path": "carreBleu50", 
      "opacity" : "0.5",
      "id" : "carre bleu 50 colone22",
      "position": "705 -45",
      "scale": "1 1",
      "rotation": "0",
      "speed": "2 1"
    }, {
      "path": "carreBleu25", 
      "opacity" : "0.25",
      "id" : "carre bleu 25 colone22",
      "position": "705 -45",
      "scale": "1 1",
      "rotation": "0",
      "speed": "2 1"
    },
    {
      "path": "carreOrange", 
      "opacity" : "1",
      "id" : "carre orange full colone22",
      "position": "705 180",
      "scale": "1 1",
      "rotation": "0",
      "speed": "2 1"
    }, {
      "path": "carreOrange75", 
      "opacity" : "0.75",
      "id" : "carre orange 75 colone22",
      "position": "705 180",
      "scale": "1 1",
      "rotation": "0",
      "speed": "2 1"
    }, {
      "path": "carreOrange50", 
      "opacity" : "0.5",
      "id" : "carre orange 50 colone22",
      "position": "705 180",
      "scale": "1 1",
      "rotation": "0",
      "speed": "2 1"
    }, {
      "path": "carreOrange25", 
      "opacity" : "0.25",
      "id" : "carre orange 25 colone22",
      "position": "705 180",
      "scale": "1 1",
      "rotation": "0",
      "speed": "2 1"
    },
    {
      "path": "carreGris", 
      "opacity" : "1",
      "id" : "carre gris full colone22",
      "position": "705 330",
      "scale": "1 1",
      "rotation": "0",
      "speed": "2 1"
    }, {
      "path": "carreGris75", 
      "opacity" : "0.75",
      "id" : "carre gris 75 colone22",
      "position": "705 330",
      "scale": "1 1",
      "rotation": "0",
      "speed": "2 1"
    }, {
      "path": "carreGris50", 
      "opacity" : "0.5",
      "id" : "carre gris 50 colone22",
      "position": "705 330",
      "scale": "1 1",
      "rotation": "0",
      "speed": "2 1"
    }, {
      "path": "carreGris25", 
      "opacity" : "0.25",
      "id" : "carre gris 25 colone22",
      "position": "705 330",
      "scale": "1 1",
      "rotation": "0",
      "speed": "2 1"
    }, 
    {
      "path": "carreBleu", 
      "opacity" : "1",
      "id" : "carre bleu full colone22",
      "position": "705 480",
      "scale": "1 1",
      "rotation": "0",
      "speed": "2 1"
    }, {
      "path": "carreBleu75", 
      "opacity" : "0.75",
      "id" : "carre bleu 75 colone22",
      "position": "705 480",
      "scale": "1 1",
      "rotation": "0",
      "speed": "2 1"
    }, {
      "path": "carreBleu50", 
      "opacity" : "0.5",
      "id" : "carre bleu 50 colone22",
      "position": "705 480",
      "scale": "1 1",
      "rotation": "0",
      "speed": "2 1"
    }, {
      "path": "carreBleu25", 
      "opacity" : "0.25",
      "id" : "carre bleu 25 colone22",
      "position": "705 480",
      "scale": "1 1",
      "rotation": "0",
      "speed": "2 1"
    },
    {
      "path": "carreNoir", 
      "opacity" : "1",
      "id" : "carre noir full colone23",
      "position": "780 -270",
      "scale": "1 1",
      "rotation": "0",
      "speed": "2 1"
    }, {
      "path": "carreNoir75", 
      "opacity" : "0.75",
      "id" : "carre noir 75 colone23",
      "position": "780 -270",
      "scale": "1 1",
      "rotation": "0",
      "speed": "2 1"
    }, {
      "path": "carreNoir50", 
      "opacity" : "0.5",
      "id" : "carre noir 50 colone23",
      "position": "780 -270",
      "scale": "1 1",
      "rotation": "0",
      "speed": "2 1"
    }, {
      "path": "carreNoir25", 
      "opacity" : "0.25",
      "id" : "carre noir 25 colone23",
      "position": "780 -270",
      "scale": "1 1",
      "rotation": "0",
      "speed": "2 1"
    },
    {
      "path": "carreNoir", 
      "opacity" : "1",
      "id" : "carre noir full colone23",
      "position": "780 -120",
      "scale": "1 1",
      "rotation": "0",
      "speed": "2 1"
    }, {
      "path": "carreNoir75", 
      "opacity" : "0.75",
      "id" : "carre noir 75 colone23",
      "position": "780 -120",
      "scale": "1 1",
      "rotation": "0",
      "speed": "2 1"
    }, {
      "path": "carreNoir50", 
      "opacity" : "0.5",
      "id" : "carre noir 50 colone23",
      "position": "780 -120",
      "scale": "1 1",
      "rotation": "0",
      "speed": "2 1"
    }, {
      "path": "carreNoir25", 
      "opacity" : "0.25",
      "id" : "carre noir 25 colone23",
      "position": "780 -120",
      "scale": "1 1",
      "rotation": "0",
      "speed": "2 1"
    },
    {
      "path": "carreNoir", 
      "opacity" : "1",
      "id" : "carre noir full colone23",
      "position": "780 255",
      "scale": "1 1",
      "rotation": "0",
      "speed": "2 1"
    }, {
      "path": "carreNoir75", 
      "opacity" : "0.75",
      "id" : "carre noir 75 colone23",
      "position": "780 255",
      "scale": "1 1",
      "rotation": "0",
      "speed": "2 1"
    }, {
      "path": "carreNoir50", 
      "opacity" : "0.5",
      "id" : "carre noir 50 colone23",
      "position": "780 255",
      "scale": "1 1",
      "rotation": "0",
      "speed": "2 1"
    }, {
      "path": "carreNoir25", 
      "opacity" : "0.25",
      "id" : "carre noir 25 colone23",
      "position": "780 255",
      "scale": "1 1",
      "rotation": "0",
      "speed": "2 1"
    },
    {
      "path": "carreNoir", 
      "opacity" : "1",
      "id" : "carre noir full colone23",
      "position": "780 405",
      "scale": "1 1",
      "rotation": "0",
      "speed": "2 1"
    }, {
      "path": "carreNoir75", 
      "opacity" : "0.75",
      "id" : "carre noir 75 colone23",
      "position": "780 405",
      "scale": "1 1",
      "rotation": "0",
      "speed": "2 1"
    }, {
      "path": "carreNoir50", 
      "opacity" : "0.5",
      "id" : "carre noir 50 colone23",
      "position": "780 405",
      "scale": "1 1",
      "rotation": "0",
      "speed": "2 1"
    }, {
      "path": "carreNoir25", 
      "opacity" : "0.25",
      "id" : "carre noir 25 colone23",
      "position": "780 405",
      "scale": "1 1",
      "rotation": "0",
      "speed": "2 1"
    }, 
    {
      "path": "carreGris", 
      "opacity" : "1",
      "id" : "carre gris full colone24",
      "position": "855 -195",
      "scale": "1 1",
      "rotation": "0",
      "speed": "2 1"
    }, {
      "path": "carreGris75", 
      "opacity" : "0.75",
      "id" : "carre gris 75 colone24",
      "position": "855 -195",
      "scale": "1 1",
      "rotation": "0",
      "speed": "2 1"
    }, {
      "path": "carreGris50", 
      "opacity" : "0.5",
      "id" : "carre gris 50 colone24",
      "position": "855 -195",
      "scale": "1 1",
      "rotation": "0",
      "speed": "2 1"
    }, {
      "path": "carreGris25", 
      "opacity" : "0.25",
      "id" : "carre gris 25 colone24",
      "position": "855 -195",
      "scale": "1 1",
      "rotation": "0",
      "speed": "2 1"
    },
    {
      "path": "carreOrange", 
      "opacity" : "1",
      "id" : "carre orange full colone24",
      "position": "855 -45",
      "scale": "1 1",
      "rotation": "0",
      "speed": "2 1"
    }, {
      "path": "carreOrange75", 
      "opacity" : "0.75",
      "id" : "carre orange 75 colone24",
      "position": "855 -45",
      "scale": "1 1",
      "rotation": "0",
      "speed": "2 1"
    }, {
      "path": "carreOrange50", 
      "opacity" : "0.5",
      "id" : "carre orange 50 colone24",
      "position": "855 -45",
      "scale": "1 1",
      "rotation": "0",
      "speed": "2 1"
    }, {
      "path": "carreOrange25", 
      "opacity" : "0.25",
      "id" : "carre orange 25 colone24",
      "position": "855 -45",
      "scale": "1 1",
      "rotation": "0",
      "speed": "2 1"
    },
    {
      "path": "carreGris", 
      "opacity" : "1",
      "id" : "carre gris full colone24",
      "position": "855 330",
      "scale": "1 1",
      "rotation": "0",
      "speed": "2 1"
    }, {
      "path": "carreGris75", 
      "opacity" : "0.75",
      "id" : "carre gris 75 colone24",
      "position": "855 330",
      "scale": "1 1",
      "rotation": "0",
      "speed": "2 1"
    }, {
      "path": "carreGris50", 
      "opacity" : "0.5",
      "id" : "carre gris 50 colone24",
      "position": "855 330",
      "scale": "1 1",
      "rotation": "0",
      "speed": "2 1"
    }, {
      "path": "carreGris25", 
      "opacity" : "0.25",
      "id" : "carre gris 25 colone24",
      "position": "855 330",
      "scale": "1 1",
      "rotation": "0",
      "speed": "2 1"
    },
    {
      "path": "carreOrange", 
      "opacity" : "1",
      "id" : "carre orange full colone24",
      "position": "855 480",
      "scale": "1 1",
      "rotation": "0",
      "speed": "2 1"
    }, {
      "path": "carreOrange75", 
      "opacity" : "0.75",
      "id" : "carre orange 75 colone24",
      "position": "855 480",
      "scale": "1 1",
      "rotation": "0",
      "speed": "2 1"
    }, {
      "path": "carreOrange50", 
      "opacity" : "0.5",
      "id" : "carre orange 50 colone24",
      "position": "855 480",
      "scale": "1 1",
      "rotation": "0",
      "speed": "2 1"
    }, {
      "path": "carreOrange25", 
      "opacity" : "0.25",
      "id" : "carre orange 25 colone24",
      "position": "855 480",
      "scale": "1 1",
      "rotation": "0",
      "speed": "2 1"
    }, 
    {
      "path": "carreOrange", 
      "opacity" : "1",
      "id" : "carre orange full colone25",
      "position": "930 -270",
      "scale": "1 1",
      "rotation": "0",
      "speed": "2 1"
    }, {
      "path": "carreOrange75", 
      "opacity" : "0.75",
      "id" : "carre orange 75 colone25",
      "position": "930 -270",
      "scale": "1 1",
      "rotation": "0",
      "speed": "2 1"
    }, {
      "path": "carreOrange50", 
      "opacity" : "0.5",
      "id" : "carre orange 50 colone25",
      "position": "930 -270",
      "scale": "1 1",
      "rotation": "0",
      "speed": "2 1"
    }, {
      "path": "carreOrange25", 
      "opacity" : "0.25",
      "id" : "carre orange 25 colone25",
      "position": "930 -270",
      "scale": "1 1",
      "rotation": "0",
      "speed": "2 1"
    },
    {
      "path": "carreBleu", 
      "opacity" : "1",
      "id" : "carre bleu full colone25",
      "position": "930 -120",
      "scale": "1 1",
      "rotation": "0",
      "speed": "2 1"
    }, {
      "path": "carreBleu75", 
      "opacity" : "0.75",
      "id" : "carre bleu 75 colone25",
      "position": "930 -120",
      "scale": "1 1",
      "rotation": "0",
      "speed": "2 1"
    }, {
      "path": "carreBleu50", 
      "opacity" : "0.5",
      "id" : "carre bleu 50 colone25",
      "position": "930 -120",
      "scale": "1 1",
      "rotation": "0",
      "speed": "2 1"
    }, {
      "path": "carreBleu25", 
      "opacity" : "0.25",
      "id" : "carre bleu 25 colone25",
      "position": "930 -120",
      "scale": "1 1",
      "rotation": "0",
      "speed": "2 1"
    },
    {
      "path": "carreOrange", 
      "opacity" : "1",
      "id" : "carre orange full colone25",
      "position": "930 255",
      "scale": "1 1",
      "rotation": "0",
      "speed": "2 1"
    }, {
      "path": "carreOrange75", 
      "opacity" : "0.75",
      "id" : "carre orange 75 colone25",
      "position": "930 255",
      "scale": "1 1",
      "rotation": "0",
      "speed": "2 1"
    }, {
      "path": "carreOrange50", 
      "opacity" : "0.5",
      "id" : "carre orange 50 colone25",
      "position": "930 255",
      "scale": "1 1",
      "rotation": "0",
      "speed": "2 1"
    }, {
      "path": "carreOrange25", 
      "opacity" : "0.25",
      "id" : "carre orange 25 colone25",
      "position": "930 255",
      "scale": "1 1",
      "rotation": "0",
      "speed": "2 1"
    },
    {
      "path": "carreBleu", 
      "opacity" : "1",
      "id" : "carre bleu full colone25",
      "position": "930 405",
      "scale": "1 1",
      "rotation": "0",
      "speed": "2 1"
    }, {
      "path": "carreBleu75", 
      "opacity" : "0.75",
      "id" : "carre bleu 75 colone25",
      "position": "930 405",
      "scale": "1 1",
      "rotation": "0",
      "speed": "2 1"
    }, {
      "path": "carreBleu50", 
      "opacity" : "0.5",
      "id" : "carre bleu 50 colone25",
      "position": "930 405",
      "scale": "1 1",
      "rotation": "0",
      "speed": "2 1"
    }, {
      "path": "carreBleu25", 
      "opacity" : "0.25",
      "id" : "carre bleu 25 colone25",
      "position": "930 405",
      "scale": "1 1",
      "rotation": "0",
      "speed": "2 1"
    },
    {
      "path": "background_rob",
      "id" : "carre background",
      "opacity" : "1",
      "position": "0 0",
      "scale": "1 1",
      "rotation": "0",
      "speed": "2 1"
    }  
  ],
  "background": {
    "path": "robotic"
  }, 
  "masks": {
    "path": "robotic"
  }
}